"","Nitrogen_Rate","Risk_Tolerance_Level","Criterion_Function"
"1",30,1,240.376896169645
"2",0,2,174.628769846918
"3",0,3,111.578212770377
"4",0,4,48.5276556938358
"5",0,5,-14.5229013827052
"6",0,6,-77.5734584592462
